,c,f,h,building,demand
0,17.28116250802745,63.106092514449415,0.0,steele,0.10745599714648894
