,c,f,h,building,demand
0,13.444405879943373,56.19993058389807,0.0,steele,0.10522410939259472
