,c,f,h,building,demand
0,16.846576865601616,62.32383835808291,0.0,steele,0.1107926884022541
