,c,f,h,building,demand
0,13.460553610228326,56.228996498410986,0.0,steele,0.10411515296978835
